[{"model": "admin.logentry", "pk": 1, "fields": {"action_time": "2022-05-29T20:52:30.632Z", "user": 1, "content_type": 7, "object_id": "1", "object_repr": "powerstandz.example.com", "action_flag": 2, "change_message": "[{\"changed\": {\"fields\": [\"Domain name\", \"Display name\"]}}]"}}, {"model": "admin.logentry", "pk": 2, "fields": {"action_time": "2022-05-29T21:05:53.254Z", "user": 1, "content_type": 8, "object_id": "2", "object_repr": "brianjohnlipscombe@yahoo.com", "action_flag": 1, "change_message": "[{\"added\": {}}]"}}, {"model": "admin.logentry", "pk": 3, "fields": {"action_time": "2022-06-01T19:49:06.842Z", "user": 1, "content_type": 13, "object_id": "1", "object_repr": "Morpheus", "action_flag": 1, "change_message": "[{\"added\": {}}]"}}, {"model": "admin.logentry", "pk": 4, "fields": {"action_time": "2022-06-01T19:53:48.688Z", "user": 1, "content_type": 13, "object_id": "2", "object_repr": "Jaws", "action_flag": 1, "change_message": "[{\"added\": {}}]"}}, {"model": "admin.logentry", "pk": 5, "fields": {"action_time": "2022-06-01T20:00:10.585Z", "user": 1, "content_type": 13, "object_id": "3", "object_repr": "Fleetwood Lab", "action_flag": 1, "change_message": "[{\"added\": {}}]"}}, {"model": "admin.logentry", "pk": 6, "fields": {"action_time": "2022-06-01T20:11:42.102Z", "user": 1, "content_type": 13, "object_id": "4", "object_repr": "Star Destroyer", "action_flag": 1, "change_message": "[{\"added\": {}}]"}}, {"model": "admin.logentry", "pk": 7, "fields": {"action_time": "2022-06-20T19:54:52.706Z", "user": 1, "content_type": 13, "object_id": "1", "object_repr": "Morpheus", "action_flag": 2, "change_message": "[{\"changed\": {\"fields\": [\"Description\"]}}]"}}, {"model": "admin.logentry", "pk": 8, "fields": {"action_time": "2022-06-20T19:55:44.897Z", "user": 1, "content_type": 13, "object_id": "1", "object_repr": "Morpheus", "action_flag": 2, "change_message": "[{\"changed\": {\"fields\": [\"Description\"]}}]"}}, {"model": "admin.logentry", "pk": 9, "fields": {"action_time": "2022-06-30T18:32:48.430Z", "user": 1, "content_type": 13, "object_id": "4", "object_repr": "Star Destroyer", "action_flag": 2, "change_message": "[{\"changed\": {\"fields\": [\"Description\"]}}]"}}, {"model": "admin.logentry", "pk": 10, "fields": {"action_time": "2022-06-30T18:53:20.613Z", "user": 1, "content_type": 13, "object_id": "1", "object_repr": "Morpheus", "action_flag": 2, "change_message": "[{\"changed\": {\"fields\": [\"Description\"]}}]"}}, {"model": "admin.logentry", "pk": 11, "fields": {"action_time": "2022-06-30T19:18:03.683Z", "user": 1, "content_type": 13, "object_id": "1", "object_repr": "Morpheus", "action_flag": 2, "change_message": "[{\"changed\": {\"fields\": [\"Sku\", \"Rating\"]}}]"}}, {"model": "admin.logentry", "pk": 12, "fields": {"action_time": "2022-06-30T19:18:44.647Z", "user": 1, "content_type": 13, "object_id": "4", "object_repr": "Star Destroyer", "action_flag": 2, "change_message": "[{\"changed\": {\"fields\": [\"Sku\", \"Rating\"]}}]"}}, {"model": "admin.logentry", "pk": 13, "fields": {"action_time": "2022-06-30T19:19:19.866Z", "user": 1, "content_type": 13, "object_id": "1", "object_repr": "Morpheus", "action_flag": 2, "change_message": "[{\"changed\": {\"fields\": [\"Rating\"]}}]"}}, {"model": "admin.logentry", "pk": 14, "fields": {"action_time": "2022-06-30T19:19:34.322Z", "user": 1, "content_type": 13, "object_id": "4", "object_repr": "Star Destroyer", "action_flag": 2, "change_message": "[{\"changed\": {\"fields\": [\"Rating\"]}}]"}}, {"model": "admin.logentry", "pk": 15, "fields": {"action_time": "2022-06-30T19:20:01.701Z", "user": 1, "content_type": 13, "object_id": "3", "object_repr": "Fleetwood Lab", "action_flag": 2, "change_message": "[{\"changed\": {\"fields\": [\"Sku\", \"Rating\"]}}]"}}, {"model": "admin.logentry", "pk": 16, "fields": {"action_time": "2022-06-30T19:40:07.472Z", "user": 1, "content_type": 13, "object_id": "5", "object_repr": "Jaws", "action_flag": 1, "change_message": "[{\"added\": {}}]"}}, {"model": "admin.logentry", "pk": 17, "fields": {"action_time": "2022-06-30T19:40:54.648Z", "user": 1, "content_type": 13, "object_id": "2", "object_repr": "Jaws", "action_flag": 3, "change_message": ""}}, {"model": "admin.logentry", "pk": 18, "fields": {"action_time": "2022-06-30T21:02:28.307Z", "user": 1, "content_type": 13, "object_id": "3", "object_repr": "Fleetwood Lab", "action_flag": 2, "change_message": "[{\"changed\": {\"fields\": [\"Description\", \"Rating\"]}}]"}}, {"model": "admin.logentry", "pk": 19, "fields": {"action_time": "2022-06-30T22:39:32.685Z", "user": 1, "content_type": 13, "object_id": "4", "object_repr": "Star Destroyer", "action_flag": 2, "change_message": "[{\"changed\": {\"fields\": [\"Description\"]}}]"}}, {"model": "admin.logentry", "pk": 20, "fields": {"action_time": "2022-07-07T20:00:51.493Z", "user": 1, "content_type": 13, "object_id": "6", "object_repr": "Thor's Hammer", "action_flag": 1, "change_message": "[{\"added\": {}}]"}}, {"model": "admin.logentry", "pk": 21, "fields": {"action_time": "2022-07-07T20:01:56.031Z", "user": 1, "content_type": 13, "object_id": "6", "object_repr": "Thor's Hammer", "action_flag": 2, "change_message": "[{\"changed\": {\"fields\": [\"Image\"]}}]"}}, {"model": "admin.logentry", "pk": 22, "fields": {"action_time": "2022-07-07T20:04:44.639Z", "user": 1, "content_type": 13, "object_id": "7", "object_repr": "Doctor Strange Energy Spell", "action_flag": 1, "change_message": "[{\"added\": {}}]"}}, {"model": "admin.logentry", "pk": 23, "fields": {"action_time": "2022-07-07T20:14:23.640Z", "user": 1, "content_type": 13, "object_id": "8", "object_repr": "The Batman Chestplate", "action_flag": 1, "change_message": "[{\"added\": {}}]"}}, {"model": "admin.logentry", "pk": 24, "fields": {"action_time": "2022-07-07T20:15:10.950Z", "user": 1, "content_type": 13, "object_id": "9", "object_repr": "Grogu", "action_flag": 1, "change_message": "[{\"added\": {}}]"}}, {"model": "admin.logentry", "pk": 25, "fields": {"action_time": "2022-07-09T03:43:58.850Z", "user": 1, "content_type": 13, "object_id": "10", "object_repr": "Captain America Shield", "action_flag": 1, "change_message": "[{\"added\": {}}]"}}, {"model": "admin.logentry", "pk": 26, "fields": {"action_time": "2022-07-09T03:45:01.985Z", "user": 1, "content_type": 13, "object_id": "6", "object_repr": "Thor's Hammer", "action_flag": 2, "change_message": "[{\"changed\": {\"fields\": [\"Description\"]}}]"}}, {"model": "admin.logentry", "pk": 27, "fields": {"action_time": "2022-07-09T03:45:33.648Z", "user": 1, "content_type": 13, "object_id": "9", "object_repr": "Grogu", "action_flag": 2, "change_message": "[{\"changed\": {\"fields\": [\"Description\"]}}]"}}, {"model": "admin.logentry", "pk": 28, "fields": {"action_time": "2022-07-09T03:45:55.076Z", "user": 1, "content_type": 13, "object_id": "8", "object_repr": "The Batman Chestplate", "action_flag": 2, "change_message": "[{\"changed\": {\"fields\": [\"Description\"]}}]"}}, {"model": "admin.logentry", "pk": 29, "fields": {"action_time": "2022-07-09T03:46:08.924Z", "user": 1, "content_type": 13, "object_id": "7", "object_repr": "Doctor Strange Energy Spell", "action_flag": 2, "change_message": "[{\"changed\": {\"fields\": [\"Description\"]}}]"}}, {"model": "admin.logentry", "pk": 30, "fields": {"action_time": "2022-07-09T03:47:34.285Z", "user": 1, "content_type": 13, "object_id": "11", "object_repr": "Pulp Fiction Briefcase", "action_flag": 1, "change_message": "[{\"added\": {}}]"}}, {"model": "admin.logentry", "pk": 31, "fields": {"action_time": "2022-07-09T03:50:27.196Z", "user": 1, "content_type": 13, "object_id": "12", "object_repr": "Alien Egg", "action_flag": 1, "change_message": "[{\"added\": {}}]"}}, {"model": "admin.logentry", "pk": 32, "fields": {"action_time": "2022-07-09T03:51:36.900Z", "user": 1, "content_type": 13, "object_id": "8", "object_repr": "The Batman Chestplate", "action_flag": 2, "change_message": "[{\"changed\": {\"fields\": [\"Sku\"]}}]"}}, {"model": "admin.logentry", "pk": 33, "fields": {"action_time": "2022-07-09T03:52:34.628Z", "user": 1, "content_type": 13, "object_id": "13", "object_repr": "Darth Vader", "action_flag": 1, "change_message": "[{\"added\": {}}]"}}, {"model": "admin.logentry", "pk": 34, "fields": {"action_time": "2022-07-09T04:02:33.452Z", "user": 1, "content_type": 13, "object_id": "12", "object_repr": "Alien Egg", "action_flag": 2, "change_message": "[{\"changed\": {\"fields\": [\"Description\"]}}]"}}, {"model": "admin.logentry", "pk": 35, "fields": {"action_time": "2022-07-09T04:08:45.470Z", "user": 1, "content_type": 13, "object_id": "6", "object_repr": "Thor's Hammer", "action_flag": 2, "change_message": "[{\"changed\": {\"fields\": [\"Description\"]}}]"}}, {"model": "admin.logentry", "pk": 36, "fields": {"action_time": "2022-07-09T04:15:11.719Z", "user": 1, "content_type": 13, "object_id": "7", "object_repr": "Doctor Strange Energy Spell", "action_flag": 2, "change_message": "[{\"changed\": {\"fields\": [\"Description\"]}}]"}}, {"model": "admin.logentry", "pk": 37, "fields": {"action_time": "2022-07-09T04:25:26.014Z", "user": 1, "content_type": 13, "object_id": "8", "object_repr": "The Batman Chestplate", "action_flag": 2, "change_message": "[{\"changed\": {\"fields\": [\"Description\"]}}]"}}, {"model": "admin.logentry", "pk": 38, "fields": {"action_time": "2022-07-09T04:32:25.242Z", "user": 1, "content_type": 13, "object_id": "9", "object_repr": "Grogu", "action_flag": 2, "change_message": "[{\"changed\": {\"fields\": [\"Description\"]}}]"}}, {"model": "admin.logentry", "pk": 39, "fields": {"action_time": "2022-07-09T04:39:48.795Z", "user": 1, "content_type": 13, "object_id": "4", "object_repr": "Star Destroyer", "action_flag": 2, "change_message": "[{\"changed\": {\"fields\": [\"Price\"]}}]"}}, {"model": "admin.logentry", "pk": 40, "fields": {"action_time": "2022-07-09T05:04:48.005Z", "user": 1, "content_type": 13, "object_id": "10", "object_repr": "Captain America Shield", "action_flag": 2, "change_message": "[{\"changed\": {\"fields\": [\"Description\"]}}]"}}, {"model": "admin.logentry", "pk": 41, "fields": {"action_time": "2022-07-09T05:11:37.665Z", "user": 1, "content_type": 13, "object_id": "11", "object_repr": "Pulp Fiction Briefcase", "action_flag": 2, "change_message": "[{\"changed\": {\"fields\": [\"Description\"]}}]"}}, {"model": "admin.logentry", "pk": 42, "fields": {"action_time": "2022-07-09T05:13:04.541Z", "user": 1, "content_type": 13, "object_id": "13", "object_repr": "Darth Vader", "action_flag": 2, "change_message": "[{\"changed\": {\"fields\": [\"Description\"]}}]"}}, {"model": "admin.logentry", "pk": 43, "fields": {"action_time": "2022-07-09T17:37:45.482Z", "user": 1, "content_type": 13, "object_id": "13", "object_repr": "Darth Vader", "action_flag": 2, "change_message": "[{\"changed\": {\"fields\": [\"Description\"]}}]"}}, {"model": "admin.logentry", "pk": 44, "fields": {"action_time": "2022-07-09T17:38:28.983Z", "user": 1, "content_type": 13, "object_id": "12", "object_repr": "Alien Egg", "action_flag": 2, "change_message": "[{\"changed\": {\"fields\": [\"Description\"]}}]"}}, {"model": "admin.logentry", "pk": 45, "fields": {"action_time": "2022-07-09T17:38:59.285Z", "user": 1, "content_type": 13, "object_id": "11", "object_repr": "Pulp Fiction Briefcase", "action_flag": 2, "change_message": "[{\"changed\": {\"fields\": [\"Description\"]}}]"}}, {"model": "admin.logentry", "pk": 46, "fields": {"action_time": "2022-07-09T17:39:28.200Z", "user": 1, "content_type": 13, "object_id": "10", "object_repr": "Captain America Shield", "action_flag": 2, "change_message": "[{\"changed\": {\"fields\": [\"Description\"]}}]"}}, {"model": "admin.logentry", "pk": 47, "fields": {"action_time": "2022-07-09T17:39:51.662Z", "user": 1, "content_type": 13, "object_id": "9", "object_repr": "Grogu", "action_flag": 2, "change_message": "[{\"changed\": {\"fields\": [\"Description\"]}}]"}}, {"model": "admin.logentry", "pk": 48, "fields": {"action_time": "2022-07-09T17:40:31.775Z", "user": 1, "content_type": 13, "object_id": "8", "object_repr": "The Batman Chestplate", "action_flag": 2, "change_message": "[{\"changed\": {\"fields\": [\"Description\"]}}]"}}, {"model": "admin.logentry", "pk": 49, "fields": {"action_time": "2022-07-09T17:41:05.826Z", "user": 1, "content_type": 13, "object_id": "7", "object_repr": "Doctor Strange Energy Spell", "action_flag": 2, "change_message": "[{\"changed\": {\"fields\": [\"Description\"]}}]"}}, {"model": "admin.logentry", "pk": 50, "fields": {"action_time": "2022-07-09T17:42:46.912Z", "user": 1, "content_type": 13, "object_id": "6", "object_repr": "Thor's Hammer", "action_flag": 2, "change_message": "[{\"changed\": {\"fields\": [\"Description\"]}}]"}}, {"model": "admin.logentry", "pk": 51, "fields": {"action_time": "2022-07-09T17:43:33.606Z", "user": 1, "content_type": 13, "object_id": "5", "object_repr": "Jaws", "action_flag": 2, "change_message": "[{\"changed\": {\"fields\": [\"Description\"]}}]"}}, {"model": "admin.logentry", "pk": 52, "fields": {"action_time": "2022-07-09T17:44:53.156Z", "user": 1, "content_type": 13, "object_id": "4", "object_repr": "Star Destroyer", "action_flag": 2, "change_message": "[{\"changed\": {\"fields\": [\"Description\"]}}]"}}, {"model": "admin.logentry", "pk": 53, "fields": {"action_time": "2022-07-09T17:46:46.924Z", "user": 1, "content_type": 13, "object_id": "3", "object_repr": "Fleetwood Lab", "action_flag": 2, "change_message": "[{\"changed\": {\"fields\": [\"Description\"]}}]"}}, {"model": "admin.logentry", "pk": 54, "fields": {"action_time": "2022-07-09T17:47:50.813Z", "user": 1, "content_type": 13, "object_id": "1", "object_repr": "Morpheus", "action_flag": 2, "change_message": "[{\"changed\": {\"fields\": [\"Description\"]}}]"}}, {"model": "auth.user", "pk": 1, "fields": {"password": "pbkdf2_sha256$260000$JMVpYwRwFYKxYnCG7loI6L$Wu+vuI93+SpE1FYmtcjocHZra53o6ArbrbMLiP1RUrc=", "last_login": "2022-07-15T18:04:16.825Z", "is_superuser": true, "username": "psz2022", "first_name": "", "last_name": "", "email": "brianjohnlipscombe@gmail.com", "is_staff": true, "is_active": true, "date_joined": "2022-05-29T20:22:28.381Z", "groups": [], "user_permissions": []}}, {"model": "auth.user", "pk": 2, "fields": {"password": "pbkdf2_sha256$260000$DlsxYCfsFdda1sG86MObpu$AVY0BQLepMXYx9i5e1rRXvGLA+ZIm3D/+b8S8//PD8Q=", "last_login": null, "is_superuser": true, "username": "PWRSTNDZ2022", "first_name": "", "last_name": "", "email": "", "is_staff": true, "is_active": true, "date_joined": "2022-06-30T20:32:38.837Z", "groups": [], "user_permissions": []}}, {"model": "sessions.session", "pk": "21ify4qmozgl4unbgahttv25umsxrrng", "fields": {"session_data": "e30:1oCPz4:5mr8EJJ6Uh_6TlNYiRAJ2NuUXqio6B-yc4mOkhRbs-s", "expire_date": "2022-07-29T18:24:14.714Z"}}, {"model": "sessions.session", "pk": "3g83n1df4axp3izebn9wibz5b6blln0p", "fields": {"session_data": ".eJxVjDkOgzAQRe8yNbLA22CX6XMGNDM2SxKBxFIh7h6QKJL2v_ffDg1ta99sS56bIUGECorfjUneebxAetHYTUqmcZ0HVpeibrqo55Ty53G7f4Gelv58C_vgJKMT0Yze6YziuC2tpoDobYU2mTYYhzUbx6hLz3Wqcp2C8WT9GWXqIO5gIWpdgIFoj-MLnOs8UA:1o72yh:Ow5Q0x6OwLmQsMmkc64e2ZZgOOlQgNpTGQoDueKsyv0", "expire_date": "2022-07-14T22:49:39.071Z"}}, {"model": "sessions.session", "pk": "4o354484udys7jdri4kz1p92dwvh8f7w", "fields": {"session_data": ".eJxVjMsOwiAQRf-FtSHlMQy4dO83EGagUjU0Ke3K-O_apAvd3nPOfYmYtrXGrZclTlmchRKn340SP0rbQb6ndpslz21dJpK7Ig_a5XXO5Xk53L-Dmnr91kwuABcEZk3oQBdkoHGwOgVEZxXabMZgAD0ZINSDI59V8TkYl6wT7w_fijdd:1nvRHp:dKOYOXwh42dmK1BhMMQ3kVXybXmn9HhsKv8qo46gREw", "expire_date": "2022-06-12T22:21:25.592Z"}}, {"model": "sessions.session", "pk": "anlgo4vv5yu5q5us4qb7hpc8iank9v30", "fields": {"session_data": ".eJxVjrkOgzAQRP9la2Thc7HL9PkG5F2bI4lA4qgQ_x4jUSTNFDNvRnNAG_dtaPc1L-2YIICE6tejyO88XUF6xamfBc_TtowkLkTc6Sqec8qfx83-DQxxHUqbyXnLGS2zInRWZWRLXW1U9IjOSDRJd15bbEhbQlU7apLMTfLaRePKKMUewgEGgqrKzSArUEXP8wvJaT0m:1o6zY6:71pv1TPKROX3-PmY4AH98Knc7XreS18gjQLz0dJWTHE", "expire_date": "2022-07-14T19:09:58.915Z"}}, {"model": "sessions.session", "pk": "ff8eagi567clbhbesl775hex4gswzb22", "fields": {"session_data": ".eJxVjDsOgzAQBe-yNbLA9nqxy_Q5A9q1zSeJQOJTIe4ekGho38y8HYQ7CDtUEEwBCEEfBTS8rX2zLXluhgThhI9NOH7zeIH04bGbVJzGdR5EXYq66aLeU8q_1-0-Dnpe-rOO4jzGTBijFnKoM0WUtrSaPZGzFdlkWm-QajEopEsndapynbxxbB0cf0SIPBw:1o9Xu3:71kx-HRKJT8Dg54Ixf2Va6JqBM77SsqXmwEyxgLXfxU", "expire_date": "2022-07-21T20:15:11.059Z"}}, {"model": "sessions.session", "pk": "iurzuwykog3iz3cxmx42j3wgoahq3hqz", "fields": {"session_data": ".eJxVjjsOgzAQRO_iGln4u9hl-pzB8tpLIImwhCEN4u4BiSJp5808zcZCXJchrJXmMGbmmWDNb4YxvWg6QX7G6VF4KtMyj8jPCr9o5feS6X27un-CIdbhWCe0ziQCk5JEsEYSJIN9q2V0AFYL0Fn1ThnoUBkE2VrssqAuO2Wjtoe0xg-FceoL88u8UsMwPpjfjsde7PsXNIRBLQ:1oBMgl:va3miGjZSf0x5SxwyUb59uTePZpj_jJw5QuJcXVZnwg", "expire_date": "2022-07-26T20:40:59.108Z"}}, {"model": "sessions.session", "pk": "m0p0vysb07zrgc0mz4f745pa7cx6xpwo", "fields": {"session_data": "eyJiYWciOnsiMyI6NCwiMSI6Mn19:1o7hkC:H3-TXf_wgpgwzofd8X6157DlPv6SsQBlfRmVeRl8pWQ", "expire_date": "2022-07-16T18:21:24.186Z"}}, {"model": "sessions.session", "pk": "mahthlo827pgmbzm8ejg64fp0dgvl9ay", "fields": {"session_data": ".eJxVjMsOwiAQRf-FtSEtrylduvcbCANTixow0CYa479rky50e8-558WcX5fZrY2qS5GNrGeH3w19uFLeQLz4fC48lLzUhHxT-E4bP5VIt-Pu_gVm3-bvO6CxOhDoEASC0YIgaJw6JbwFMKoHFeVkpYYBpUYQncEh9jREK41XZos2ai2V7OhxT_XJxu79AX0kPpo:1nvQ7i:RMyozlbdt0_x06ltoTiqw4zt1jiwFyxmRc2D4cyjSnU", "expire_date": "2022-06-12T21:06:54.178Z"}}, {"model": "sessions.session", "pk": "mo3wkivtm5c1m18wqw0xrhhktvage7vx", "fields": {"session_data": "eyJiYWciOnsiMSI6MiwiMyI6NCwiNSI6NX19:1o7hLt:m7yOe-RYKPiaFubOZu7xrUmZPzHB4Prfvth-mERyf0I", "expire_date": "2022-07-16T17:56:17.430Z"}}, {"model": "sessions.session", "pk": "oeg1dz86kplvjt0xnwwgbdeeyxl90qm4", "fields": {"session_data": ".eJxVjMsOwiAQRf-FtSHlMQy4dO83EGagUjU0Ke3K-O_apAvd3nPOfYmYtrXGrZclTlmchRKn340SP0rbQb6ndpslz21dJpK7Ig_a5XXO5Xk53L-Dmnr91kwuABcEZk3oQBdkoHGwOgVEZxXabMZgAD0ZINSDI59V8TkYl6wT7w_fijdd:1o1tFS:3pBACKxj_bE91OvNwEaNU4een6U2bCihuAQPB7tApxI", "expire_date": "2022-06-30T17:25:38.499Z"}}, {"model": "sessions.session", "pk": "vz1aooqbg4w5ygslqq06imx6v0biztps", "fields": {"session_data": "eyJiYWciOnsiNCI6Mn19:1o7kYt:MNRKzQpGKYEhkE6M7FCdMdQebvuswWzCY_z1x_ij0rc", "expire_date": "2022-07-16T21:21:55.151Z"}}, {"model": "sites.site", "pk": 1, "fields": {"domain": "powerstandz.example.com", "name": "Power Standz"}}, {"model": "account.emailaddress", "pk": 1, "fields": {"user": 1, "email": "brianjohnlipscombe@gmail.com", "verified": false, "primary": false}}, {"model": "account.emailaddress", "pk": 2, "fields": {"user": 1, "email": "brianjohnlipscombe@yahoo.com", "verified": true, "primary": true}}, {"model": "products.product", "pk": 1, "fields": {"category": null, "sku": "876543", "name": "Morpheus", "description": "He can only show you the charging pad. YOU, are the one that needs to place your devices on it! \r\n\r\nTrust Morpheus to not only charge one, but TWO of your devices at the same time!\r\n\r\nFree yourself from charging cables! Simply plug your custom PowerStandz product into any standard outlet and place your device(s) on the designated charging area!\r\n\r\nCompatible with Apple, Samsung, and Sony PS5", "price": "50.00", "rating": "5.00", "image_url": null, "image": "morpheus_GOShQN7.png"}}, {"model": "products.product", "pk": 3, "fields": {"category": null, "sku": "876545", "name": "Fleetwood Lab", "description": "Something's cooking inside this mobile laboratory, but don't ask what it is. Instead, charge your device on it, and walk away.\r\n\r\nSay goodbye to charging cables! Simply plug your custom PowerStandz product into any standard outlet and place your device(s) on the designated charging area!\r\n\r\nCompatible with Apple, Samsung, and Sony PS5", "price": "30.00", "rating": "4.50", "image_url": null, "image": "breakingbad_MNjCzyX.png"}}, {"model": "products.product", "pk": 4, "fields": {"category": null, "sku": "876546", "name": "Star Destroyer", "description": "This ship might have some amazing weaponry and capabilities, but what good would it be if it couldn't charge your feeble devices? Rest assured this Star Destroyer can do just that!\r\n\r\nSay goodbye to charging cables! Simply plug your custom PowerStandz product into any standard outlet and place your device(s) on the designated charging area!\r\n\r\nCompatible with Apple, Samsung, and Sony PS5", "price": "35.00", "rating": "5.00", "image_url": null, "image": "stardestroyer_dpkqk66.png"}}, {"model": "products.product", "pk": 5, "fields": {"category": null, "sku": "876542", "name": "Jaws", "description": "He has a ravenous appetite, that only your device can satisfy!\r\n\r\nSay goodbye to charging cables!\r\n\r\nSimply plug your custom PowerStandz product into any standard outlet and place your device(s) on the designated charging area! Compatible with Apple, Samsung, and Sony PS5", "price": "30.00", "rating": "5.00", "image_url": null, "image": "jaws_mgDAGaV.png"}}, {"model": "products.product", "pk": 6, "fields": {"category": null, "sku": "876547", "name": "Thor's Hammer", "description": "This mythological hammer has the power of lightning! Well, almost. It can definitely charge your smartphone though, without having to plug your smartphone in, which is nice!\r\n\r\nSay goodbye to charging cables! Simply plug your custom PowerStandz product into any standard outlet and place your device(s) on the designated charging area!\r\n\r\nCompatible with Apple, Samsung, and Sony PS5", "price": "30.00", "rating": "5.00", "image_url": null, "image": "thor_hammer.png"}}, {"model": "products.product", "pk": 7, "fields": {"category": null, "sku": "876548", "name": "Doctor Strange Energy Spell", "description": "If called upon correctly, this energy spell will make you forget charging cables for your smartphone or PS5 controllers ever existed. And it can charge TWO devices at the same time! \r\n\r\nCast away your charging cables for good! Simply plug your custom PowerStandz product into any standard outlet and place your device(s) on the designated charging area!\r\n\r\nCompatible with Apple, Samsung, and Sony PS5", "price": "50.00", "rating": "5.00", "image_url": null, "image": "magic_spell.png"}}, {"model": "products.product", "pk": 8, "fields": {"category": null, "sku": "876551", "name": "The Batman Chestplate", "description": "Bring justice to the corruption that has long plagued your smartphone's charging capabilities! With this amazing piece of armor, you can fight to keep your device alive!\r\n\r\nSay goodbye to charging cables! Simply plug your custom PowerStandz product into any standard outlet and place your device(s) on the designated charging area!\r\n\r\nCompatible with Apple, Samsung, and Sony PS5", "price": "30.00", "rating": "4.70", "image_url": null, "image": "batman.png"}}, {"model": "products.product", "pk": 9, "fields": {"category": null, "sku": "876549", "name": "Grogu", "description": "Don't TRY to charge your smartphone. DO!\r\n\r\nSay goodbye to charging cables! Simply plug your custom PowerStandz product into any standard outlet and place your device(s) on the designated charging area!\r\n\r\nCompatible with Apple, Samsung, and Sony PS5", "price": "30.00", "rating": "5.00", "image_url": null, "image": "grogu.png"}}, {"model": "products.product", "pk": 10, "fields": {"category": null, "sku": "876549", "name": "Captain America Shield", "description": "This emblematic shield could be your best weapon at protecting your smartphone from dying!   \r\n\r\nSay goodbye to charging cables! Simply plug your custom PowerStandz product into any standard outlet and place your device(s) on the designated charging area!\r\n\r\nCompatible with Apple, Samsung, and Sony PS5", "price": "30.00", "rating": "4.30", "image_url": null, "image": "captain_america_shield.png"}}, {"model": "products.product", "pk": 11, "fields": {"category": null, "sku": "876541", "name": "Pulp Fiction Briefcase", "description": "Now you know what's inside Marsellus Wallace's briefcase. Your smartphone and/or PS5 controller charging, of course! With bright LED lights that glow while your devices juice up! \r\n\r\nSay goodbye to charging cables! Simply plug your custom PowerStandz product into any standard outlet and place your device(s) on the designated charging area!\r\n\r\nCompatible with Apple, Samsung, and Sony PS5", "price": "30.00", "rating": "4.60", "image_url": null, "image": "pulp_fiction_briefcase.png"}}, {"model": "products.product", "pk": 12, "fields": {"category": null, "sku": "876550", "name": "Alien Egg", "description": "This newborn Xenomorph won't hug your face, but its egg will hug your smartphone, and charge it too!\r\n\r\nSay goodbye to charging cables! Simply plug your custom PowerStandz product into any standard outlet and place your device(s) on the designated charging area!\r\n\r\nCompatible with Apple, Samsung, and Sony PS5", "price": "25.00", "rating": "4.20", "image_url": null, "image": "alien_egg.png"}}, {"model": "products.product", "pk": 13, "fields": {"category": null, "sku": "876552", "name": "Darth Vader", "description": "Luke, I am your CHARGER! \r\n\r\nSay goodbye to charging cables! Simply plug your custom PowerStandz product into any standard outlet and place your device(s) on the designated charging area!\r\n\r\nCompatible with Apple, Samsung, and Sony PS5", "price": "45.00", "rating": "5.00", "image_url": null, "image": "vader.png"}}, {"model": "checkout.order", "pk": 1, "fields": {"order_number": "FBB6FCCAA8674D4D8F691E985985F522", "user_profile": null, "full_name": "testtest", "email": "testtest@test.com", "phone_number": "1234567890", "country": "US", "postcode": null, "town_or_city": "Here", "street_address1": "Here", "street_address2": null, "county": "anywhere", "date": "2022-07-09T19:05:40.092Z", "delivery_cost": "4.50", "order_total": "45.00", "grand_total": "49.50", "original_bag": "", "stripe_pid": ""}}, {"model": "checkout.order", "pk": 2, "fields": {"order_number": "8353B85420A345FC98A567B57890E96D", "user_profile": null, "full_name": "iuhelisdbc", "email": "jibsdijsdb@jdddw.com", "phone_number": "1234567890", "country": "US", "postcode": null, "town_or_city": "anywhere", "street_address1": "anywhere", "street_address2": null, "county": null, "date": "2022-07-09T19:09:29.586Z", "delivery_cost": "2.50", "order_total": "25.00", "grand_total": "27.50", "original_bag": "", "stripe_pid": ""}}, {"model": "checkout.order", "pk": 3, "fields": {"order_number": "7162ACAFA1C14C9BBFFD2FFD832E537F", "user_profile": null, "full_name": "testtest", "email": "test@test.com", "phone_number": "1234567890", "country": "US", "postcode": null, "town_or_city": "anywhere", "street_address1": "anywhere", "street_address2": null, "county": null, "date": "2022-07-09T19:35:31.522Z", "delivery_cost": "3.00", "order_total": "30.00", "grand_total": "33.00", "original_bag": "", "stripe_pid": ""}}, {"model": "checkout.order", "pk": 4, "fields": {"order_number": "5FB798F9A79D4FC6B810F236D7C4ADA8", "user_profile": null, "full_name": "testtest", "email": "test@test.com", "phone_number": "1234567890", "country": "US", "postcode": null, "town_or_city": "Here", "street_address1": "Here", "street_address2": null, "county": null, "date": "2022-07-09T20:04:59.836Z", "delivery_cost": "3.00", "order_total": "30.00", "grand_total": "33.00", "original_bag": "", "stripe_pid": ""}}, {"model": "checkout.order", "pk": 5, "fields": {"order_number": "F4A05C1ECEA34BAEAC9E8F213D8832C9", "user_profile": null, "full_name": "testtest", "email": "test@test.com", "phone_number": "1234567890", "country": "US", "postcode": null, "town_or_city": "Here", "street_address1": "Here", "street_address2": null, "county": null, "date": "2022-07-09T20:11:11.452Z", "delivery_cost": "3.50", "order_total": "35.00", "grand_total": "38.50", "original_bag": "", "stripe_pid": ""}}, {"model": "checkout.order", "pk": 6, "fields": {"order_number": "EF6A4D3AB2EC4ED5AB7FC1D719AF82BA", "user_profile": null, "full_name": "test", "email": "testtest@test.com", "phone_number": "1234567890", "country": "US", "postcode": null, "town_or_city": "Here", "street_address1": "Here", "street_address2": null, "county": null, "date": "2022-07-09T20:15:20.400Z", "delivery_cost": "0.00", "order_total": "50.00", "grand_total": "50.00", "original_bag": "", "stripe_pid": ""}}, {"model": "checkout.order", "pk": 7, "fields": {"order_number": "2EC5C45EC41B4D379F9B23D9B31264FA", "user_profile": null, "full_name": "testtest", "email": "test@test.com", "phone_number": "1234567890", "country": "US", "postcode": null, "town_or_city": "Here", "street_address1": "Here", "street_address2": null, "county": null, "date": "2022-07-09T20:39:00.606Z", "delivery_cost": "3.00", "order_total": "30.00", "grand_total": "33.00", "original_bag": "", "stripe_pid": ""}}, {"model": "checkout.order", "pk": 8, "fields": {"order_number": "EDD13DC6123443808367CB1CC6F55BE8", "user_profile": null, "full_name": "testtest", "email": "test@test.com", "phone_number": "1234567890", "country": "US", "postcode": null, "town_or_city": "anywhere", "street_address1": "anywhere", "street_address2": null, "county": null, "date": "2022-07-09T20:40:57.913Z", "delivery_cost": "3.00", "order_total": "30.00", "grand_total": "33.00", "original_bag": "", "stripe_pid": ""}}, {"model": "checkout.order", "pk": 9, "fields": {"order_number": "8C2494F3D5EF43A4ADA170BE0FA189E9", "user_profile": null, "full_name": "testtest", "email": "test@test.com", "phone_number": "1234567890", "country": "US", "postcode": null, "town_or_city": "anywhere", "street_address1": "anywhere", "street_address2": null, "county": null, "date": "2022-07-09T22:03:44.391Z", "delivery_cost": "4.50", "order_total": "45.00", "grand_total": "49.50", "original_bag": "{\"13\": 1}", "stripe_pid": "pi_3LJlk3AmkjJOxQaG1OeEBbSL"}}, {"model": "checkout.order", "pk": 10, "fields": {"order_number": "01949A0452DE4B8F91BFCA2BC4122E3F", "user_profile": null, "full_name": "testtest", "email": "test@test.com", "phone_number": "1234567890", "country": "AS", "postcode": null, "town_or_city": "anywhere", "street_address1": "anywhere", "street_address2": null, "county": null, "date": "2022-07-13T22:15:37.613Z", "delivery_cost": "3.00", "order_total": "30.00", "grand_total": "33.00", "original_bag": "{\"5\": 1}", "stripe_pid": "pi_3LLDpkAmkjJOxQaG0gGvY4hU"}}, {"model": "checkout.order", "pk": 11, "fields": {"order_number": "219C5969B9DD4D2CB0D4C85C7DF6A7D8", "user_profile": null, "full_name": "testtest", "email": "test@test.com", "phone_number": "1234567890", "country": "BS", "postcode": null, "town_or_city": "Here", "street_address1": "anywhere", "street_address2": null, "county": null, "date": "2022-07-15T18:01:22.901Z", "delivery_cost": "3.00", "order_total": "30.00", "grand_total": "33.00", "original_bag": "{\"6\": 1}", "stripe_pid": "pi_3LLsooAmkjJOxQaG0BH92QJd"}}, {"model": "checkout.orderlineitem", "pk": 1, "fields": {"order": 1, "product": 13, "product_size": null, "quantity": 1, "lineitem_total": "45.00"}}, {"model": "checkout.orderlineitem", "pk": 2, "fields": {"order": 2, "product": 12, "product_size": null, "quantity": 1, "lineitem_total": "25.00"}}, {"model": "checkout.orderlineitem", "pk": 3, "fields": {"order": 3, "product": 5, "product_size": null, "quantity": 1, "lineitem_total": "30.00"}}, {"model": "checkout.orderlineitem", "pk": 4, "fields": {"order": 4, "product": 8, "product_size": null, "quantity": 1, "lineitem_total": "30.00"}}, {"model": "checkout.orderlineitem", "pk": 5, "fields": {"order": 5, "product": 4, "product_size": null, "quantity": 1, "lineitem_total": "35.00"}}, {"model": "checkout.orderlineitem", "pk": 6, "fields": {"order": 6, "product": 7, "product_size": null, "quantity": 1, "lineitem_total": "50.00"}}, {"model": "checkout.orderlineitem", "pk": 7, "fields": {"order": 7, "product": 10, "product_size": null, "quantity": 1, "lineitem_total": "30.00"}}, {"model": "checkout.orderlineitem", "pk": 8, "fields": {"order": 8, "product": 11, "product_size": null, "quantity": 1, "lineitem_total": "30.00"}}, {"model": "checkout.orderlineitem", "pk": 9, "fields": {"order": 9, "product": 13, "product_size": null, "quantity": 1, "lineitem_total": "45.00"}}, {"model": "checkout.orderlineitem", "pk": 10, "fields": {"order": 10, "product": 5, "product_size": null, "quantity": 1, "lineitem_total": "30.00"}}, {"model": "checkout.orderlineitem", "pk": 11, "fields": {"order": 11, "product": 6, "product_size": null, "quantity": 1, "lineitem_total": "30.00"}}, {"model": "profiles.userprofile", "pk": 1, "fields": {"user": 1, "default_phone_number": null, "default_street_address1": null, "default_street_address2": null, "default_town_or_city": null, "default_county": null, "default_postcode": null, "default_country": "US"}}]